Name,URL
Lake Anne Brewhouse,https://www.lakeannebrewhouse.com
OmMade Peanut Butter,https://www.OmMadePB.com
Keri's Papercrafts,https://www.etsy.com/shop/kerispapercrafts/
Nordic-Knot,https://www.nordic-knot.com
Semicolon Craft and Forgeworks,https://www.semicoloncraftandforgeworks.com
Ana's Twist,https://www.anastwist.com
King of Baklava Sweets,https://www.kingofbaklava.com
Shutdown Sewing,https://www.shutdownsewing.com/
Bisnonna Bakeshop,https://www.bisnonnabakeshop.com
Begona Morton Studio LLC,https://www.begonamorton.com
Pet Wants Chantilly,https://www.petwants.com/chantilly
NOVA Nano Coffee Roaster,https://www.novananocoffee.com
Ed Me Learning,https://www.myedme.com/login
Knieriem Designs,https://www.knidesigns.com
Puffball Designs LLC,https://www.puffballdesigns.com
Gaffney Woodworking,https://www.gaffneywoodworking.com
Blue Hyacinth Mosaics,https://www.bluehyacinthmosaics.com
Body Fit Nutrition,https://www.Body-Fit-Nutrition.com
Evermay Bees,https://www.everymaybees.com
Be A Masterpiece,https://www.etsy.com/shop/BeAMasterpiece
344 Frost,https://www.344frost.com
D Burke Designs,https://www.dburkedesigns.com
Warner Wood Co.,http://warnerwood.co/index.html
Dagmara Weinberg,http://www.dagmaraweinberg.com
D Boss PRINTS,https://dbossprints.com/
Family of Nuts,https://www.familyofnuts.com
River Sea Chocolates,https://www.riverseachocolates.com
Chesapeake Chocolates,https://www.cheschoc.com
Thulisa Naturals,https://www.thulisanaturals.com
Delectable Dining By Chef G,https://www.facebook.com/ChefgHooksDD20
Nabila Salame,https://www.arziservices.com
Cards By Carol Lee,https://www.etsy.com/shop/cardsbycarollee
Flatline Forge,https://www.flatlineforge.com
Cervantes Coffee,https://www.cervantescoffee.com
Settle Down Easy Brewing,https://www.settledowneasybrewing.com
Pawfectly Delicious Dog Treats,https://www.pawfectlydelicious.org
Vintage Veneers DÃ©cor LLC,https://www.vintageveneersdecor.com
Conecopia Gelato,https://www.conecopia.com
Monika Stedul,https://www.instagram.com/unicornunbound/?hl=en
3D Herndon,https://www.3DHerndon.com
Kingdom Gourmet Foods,https://www.kingdomgourmetfoods.com
Dano's Granola,https://www.danosgranola.com
Shea That Again!,https://www.etsy.com/shop/SheaTHATagain
Wiggles & Wags Pet Bakery,https://www.wigglesandwagspetbakery.com/
Out of the Bubble Bakery,https://www.obubblebakery.com
Nitro's Creamery,https://www.nitroscreamery.com
SHAD Cups,https://shadtravelcups.com/
K Tech,https://usbezstorage.com/
CAE's Artisanal Confections,https://www.caesconfections.com
Woodlawn Press Winery,https://www.wpwinery.com
Handweaving By Jane Anthony,https://www.handweavingbyjaneanthony.com/
Mizz Mozaic,https://mizz-mozaic.myshopify.com/
Heirloom Cloud,https://www.heirloom.cloud
Shimmering Seas Studio,https://www.etsy.com/shop/ShimmeringSeasStudio
Trupti's Craft,https://www.truptiscraft.com
Craft Gallery of Artisans United,https://www.augallery.org
Neighborhood Cookin,https://www.facewbook.com/neighborhoodcookinllc/
Art Center LLC Monroe St. Studio,https://www.monroestreetstudio.com
Craft & Color Co,https://www.craftandcolor.co
Innerloop Coffee Roasters,https://www.innerloopcoffee.com
Squill Calligraphy Studio,https://www.squillcalligraphy.com/
Wrapture Jewelry,https://www.etsy.com/shop/WraptureJewelry
McCabe's Printing Group,https://www.facebook.com/McCabesPrinting
GreenFare Organic,https://www.greenfare.com/
Michelle Lynn Thompson LLC,https://www.etsy.com/shop/CreatedByMichelleUS
Boso Foods LLC,https://www.bosokitchen.com/
Kustom Coffee,https://www.kustomcoffee.com/
Alexandria Cake Pop Company,https://www.eatacakepop.com/
Hoagland Handmade,https://hoaglandhandmade.square.site/
Good Golly Desserts,https://www.instagram.com/goodgollydesserts/?utm_medium=copy_link
EmKay Designs Shop,https://www.etsy.com/Shop/EmKayDesignsShop
idsignbyshireen,https://www.LeGaleriste.com/Maria.Shireen.Thomas
Knafeh Confections,https://knafehconfections.com/
OhhSoyGoodness,https://www.instagram.com/ohhsoygoodness
Arise_For,https://www.arisefor.com
MWR Custom Framing and Engraving,https://www.Facebook.com/BacklickRoad
AlphaGraphics Springfield,https://www.alphagraphics.com/us-virginia-springfield-us773
Virtuous Essence Candle Company,https://www.etsy.com/shop/VirtuousEssence
Workhouse Arts Center,https://www.workhousearts.org/resident-associate-artists-2/artistdirectory
everelling,https://everelling.com
Fair City Cookies,https://faircitycookies.com
Bar Therapy LLC,https://bartherapybeverages.com/
Klayish,https://Klayish.etsy.com
Smell of Love Candles LLC,https://smelloflovecandles.com/
Jake's Ice Cream,https://www.sweetjakesicecream.com/
Noctiluna,https://noctiluna.com/
Simply Sara,https://www.simplysarasoapsandcandles.com/
SNUGABUTTER LLC,https://www.snugabutter.com/
PK Publishing House,https://www.facebook.com/PKPublishingHouse/
Henterre,https://www.henterre.com
Tedesco's Sauce Company,https://www.tedescosauce.com
Calypso Rose Designs,http://www.shopcalypsorose.com
Sovereign Treasures,https://sovereigntreasures.square.site
JHK Photography Studio,https://www.etsy.com/shop/jhkphotographystudio/
Elden Street Tea Shop,https://www.eldenstreettea.com
Meg's Minions,https://www.megsminions.com
Distinctive Design Jewelry,https://www.Distinctivedesignjewelry.com
Penelope Thread Room,https://www.facebook.com/PenelopeThreadRoom/
Maison Noir Chocolatier,https://www.etsy.com/shop/MaisonNoirChocolates
Thirdstepdog,https://www.etsy.com/shop/Thirdstepdog
Infuzion,https://www.facebook.com/people/Infuzion-Cosmetic/100054355515362/
Curls Studio,https://www.carolynbelefski.com/
Lily and Sparrow Clay,https://lilyandsparrowclay.com
Crafting Thru Life,https://www.craftingthrulife.com/
Mother Clusters,https://www.mother-clusters.com
"The Shell Patch, LLC",https://www.etsy.com/shop/theshellpatchllc/?etsrc=sdt
Alison Bakes Cakes,https://www.instagram.com/alisonbakescakes/
Laksh Sarkar Creations,https://lakshsarkar.com/
Beedzxprss,https://www.beedzxprss.com/
