Business Name,Address,phone
"AASA, Inc.","1640 Boro Place, ['Mclean'], ['VA'] ['22102']",(703) 444-6170
Abberly Avera Apartment Homes by HHHu...,"11601 Hokie Stone Loop, ['Manassas'], ['VA'] ['20109']",(571) 379-4342
Absolute Thai,"1381 Beverly Road, ['Mclean'], ['VA'] ['22101']",(703) 847-1111
Ackerman Security Systems,"P.O Box 1172, ['Sterling'], ['VA'] ['20167']",(571) 577-1214
Action COACH,"11325 Random Hills Rd., Ste 360, ['Fairfax'], ['VA'] ['22030']",(703) 543-8002
"AD&A CPAS, LLC","3100 CLARENDON BOULEVARD,SUITE 200, ['CHANTILLY'], ['VA'] ['20152']",(703) 517-7899
Ad-centive Marketing,"6124 Rockwell Court, ['Burke'], ['VA'] ['22015']",(703) 569-9000
Ad-centive Marketing,"6124 Rockwell Court, ['Burke'], ['VA'] ['22015']",(703) 569-9000
Adobe,"345 Park Avenue, ['San Jose'], ['California'] ['95110-2704']",(408) 753-5826
ADP,"2001 N Adams St, ['Arlington'], ['VA'] ['22201']",(804) 815-6688
Adventure Tours,"17517 B Indian Head Hwy, ['Acokeek'], ['MD'] ['20607']",(516) 468-3532
Aesthetic Medical Center,"8150 Leesburg Pike, Suite 820, ['Tysons Corner'], ['VA'] ['22182']",703-992-7979
"Affordable Travel Agency, LLC-Dream V...","1201 Wilson Blvd., ['Arlington'], ['VA'] ['22209']",(703) 347-4161
AHA Advisory,"14120 LEE HIGHWAY  A2089, ['Centerville'], ['VIRGINIA'] ['20120']",7037892660
Akinnovate,"20130 Lakeview Center Plaza, ['Ashburn'], ['VA'] ['20147']",(703) 348-7086
All Marketing Services,"1200 18th St NW suite 700, ['Washington'], ['DC'] ['20036']",(844) 544-3577
All People Insurance Services,"8201 Greensboro Dr, ['Mclean'], ['VA'] ['22102']",(703) 988-4525
Alliant Wealth Advisors,"4008 Genesee Place, ['Prince William'], ['VA'] ['22192']",703-878-9050
American Redwood Consulting,"25050 Riding Plaza #130-662, ['South Riding'], ['Virginia'] ['20152']",571.275. 8468
American Youth Philharmonic Orchestra...,"4026 hummer rd, ['Annandale'], ['VA'] ['22003']",(703) 643-8053
AMG of Mass Mutual,"3975 Fair Ridge Dr, ['Fairfax'], ['VA'] ['22033']",(703) 273-1002
AMNA Trust Foundation,"6248 stone hill ct, ['Port Tobacco'], ['MD'] ['20677-3403']",267-909-3310
ANA (All Nippon Airways),"1201 F Street NW Suite 425, ['Washington'], ['DC'] ['20004']",(202) 857-5270
Andersen Tax LLC,"1861 International Drive, Suite 501, ['Mclean'], ['VA'] ['22102']",(571) 297-3832
"Anderson Brown, Attorneys At Law","1629 K St NW, Washington, DC 20006, ['Washington DC'], ['DC'] ['20006']",(510) 928-3959
